{"cameraMode":{"drawMode":0,"name":"Shaded","section":"Shading Mode"},"sceneLighting":true,"audioPlay":false,"sceneViewState":{"showFog":true,"showMaterialUpdate":true,"showSkybox":true,"showFlares":true,"showImageEffects":true,"showParticleSystems":true},"in2DMode":false,"pivot":{"x":0.23774456977844239,"y":4.11397123336792,"z":-0.9393582344055176},"rotation":{"x":0.02413031831383705,"y":0.9758516550064087,"z":-0.15648174285888673,"w":0.15048174560070039},"size":5.64949893951416,"orthographic":false}